{
  "_caveat": "INTERNAL SCALE \u2014 NOT human ELO (D-13). Scale fixed arbitrarily so maia1500 == 1500; see .planning/notes/ for the compression-verdict methodology and findings.",
  "personas": {
    "attacker-1000": {
      "approx_blitz": 1016.5374158682894,
      "approx_blitz_pooled": 1016.5374158682894,
      "beyond_ladder": true,
      "blend": 0.0,
      "bot_elo": 1100,
      "label": "~1000",
      "preset": "human",
      "rating_vs_maia": 1017.4852927988329,
      "rating_vs_sf": 1044.644440754755,
      "rung": 1000
    },
    "attacker-1200": {
      "approx_blitz": 1291.6187705450754,
      "approx_blitz_pooled": 1291.6187705450754,
      "beyond_ladder": true,
      "blend": 0.0,
      "bot_elo": 1500,
      "label": "~1300",
      "preset": "human",
      "rating_vs_maia": 1292.566647475619,
      "rating_vs_sf": 1162.8019385441116,
      "rung": 1200
    },
    "attacker-1400": {
      "approx_blitz": 1375.6073154913638,
      "approx_blitz_pooled": 1375.6073154913638,
      "beyond_ladder": false,
      "blend": 0.0,
      "bot_elo": 1900,
      "label": "~1400",
      "preset": "human",
      "rating_vs_maia": 1376.5551924219073,
      "rating_vs_sf": 1314.569289029406,
      "rung": 1400
    },
    "attacker-1600": {
      "approx_blitz": 1637.2579372587497,
      "approx_blitz_pooled": 1637.2579372587497,
      "beyond_ladder": false,
      "blend": 0.05,
      "bot_elo": 1900,
      "label": "~1650",
      "preset": "light",
      "rating_vs_maia": 1783.4932121675113,
      "rating_vs_sf": 1547.5465643933917,
      "rung": 1600
    },
    "attacker-1800": {
      "approx_blitz": 1879.649585261394,
      "approx_blitz_pooled": 1879.649585261394,
      "beyond_ladder": true,
      "blend": 0.5,
      "bot_elo": 2300,
      "label": "~1800",
      "preset": "deep",
      "rating_vs_maia": 2086.827738920207,
      "rating_vs_sf": 1818.911924344034,
      "rung": 1800
    },
    "attacker-800": {
      "approx_blitz": 799.757044309054,
      "approx_blitz_pooled": 799.757044309054,
      "beyond_ladder": true,
      "blend": 0.0,
      "bot_elo": 700,
      "label": "~800",
      "preset": "human",
      "rating_vs_maia": 800.7049212395975,
      "rating_vs_sf": 909.5102131909833,
      "rung": 800
    },
    "grinder-1000": {
      "approx_blitz": 981.6982038857068,
      "approx_blitz_pooled": 981.6982038857068,
      "beyond_ladder": false,
      "blend": 0.0,
      "bot_elo": 1100,
      "label": "~1000",
      "preset": "human",
      "rating_vs_maia": 982.6460808162503,
      "rating_vs_sf": 1054.3625505919385,
      "rung": 1000
    },
    "grinder-1200": {
      "approx_blitz": 1234.2779498149105,
      "approx_blitz_pooled": 1234.2779498149105,
      "beyond_ladder": true,
      "blend": 0.0,
      "bot_elo": 1500,
      "label": "~1250",
      "preset": "human",
      "rating_vs_maia": 1235.225826745454,
      "rating_vs_sf": 1127.885100231631,
      "rung": 1200
    },
    "grinder-1400": {
      "approx_blitz": 1458.4520706042476,
      "approx_blitz_pooled": 1458.4520706042476,
      "beyond_ladder": true,
      "blend": 0.0,
      "bot_elo": 1900,
      "label": "~1450",
      "preset": "human",
      "rating_vs_maia": 1459.3999475347912,
      "rating_vs_sf": 1343.9260957241654,
      "rung": 1400
    },
    "grinder-1600": {
      "approx_blitz": 1518.4875839103483,
      "approx_blitz_pooled": 1518.4875839103483,
      "beyond_ladder": false,
      "blend": 0.5,
      "bot_elo": 1500,
      "label": "~1500",
      "preset": "deep",
      "rating_vs_maia": 1725.6657375691616,
      "rating_vs_sf": 1645.1340732033316,
      "rung": 1600
    },
    "grinder-1800": {
      "approx_blitz": 1818.0205194859252,
      "approx_blitz_pooled": 1818.0205194859252,
      "beyond_ladder": true,
      "blend": 0.5,
      "bot_elo": 2300,
      "label": "~1800",
      "preset": "deep",
      "rating_vs_maia": 2025.1986731447384,
      "rating_vs_sf": 1848.4278778366368,
      "rung": 1800
    },
    "grinder-800": {
      "approx_blitz": 897.9999888658756,
      "approx_blitz_pooled": 897.9999888658756,
      "beyond_ladder": true,
      "blend": 0.0,
      "bot_elo": 700,
      "label": "~900",
      "preset": "human",
      "rating_vs_maia": 898.9478657964191,
      "rating_vs_sf": 750.7236332762121,
      "rung": 800
    },
    "trickster-1000": {
      "approx_blitz": 1048.4632019746523,
      "approx_blitz_pooled": 1048.4632019746523,
      "beyond_ladder": true,
      "blend": 0.0,
      "bot_elo": 1100,
      "label": "~1050",
      "preset": "human",
      "rating_vs_maia": 1049.4110789051958,
      "rating_vs_sf": 1004.0233793826167,
      "rung": 1000
    },
    "trickster-1200": {
      "approx_blitz": 1136.2257784472167,
      "approx_blitz_pooled": 1136.2257784472167,
      "beyond_ladder": false,
      "blend": 0.0,
      "bot_elo": 1500,
      "label": "~1150",
      "preset": "human",
      "rating_vs_maia": 1137.1736553777603,
      "rating_vs_sf": 1200.0464741963592,
      "rung": 1200
    },
    "trickster-1400": {
      "approx_blitz": 1312.217338171489,
      "approx_blitz_pooled": 1312.217338171489,
      "beyond_ladder": false,
      "blend": 0.0,
      "bot_elo": 1900,
      "label": "~1300",
      "preset": "human",
      "rating_vs_maia": 1313.1652151020326,
      "rating_vs_sf": 1226.7239478219656,
      "rung": 1400
    },
    "trickster-1600": {
      "approx_blitz": 1606.049416510779,
      "approx_blitz_pooled": 1606.049416510779,
      "beyond_ladder": false,
      "blend": 0.5,
      "bot_elo": 1500,
      "label": "~1600",
      "preset": "deep",
      "rating_vs_maia": 1813.2275701695924,
      "rating_vs_sf": 1686.6924147013724,
      "rung": 1600
    },
    "trickster-1800": {
      "approx_blitz": 2035.666145742709,
      "approx_blitz_pooled": 2035.666145742709,
      "beyond_ladder": false,
      "blend": 0.5,
      "bot_elo": 2300,
      "label": "~1800",
      "preset": "deep",
      "rating_vs_maia": 2242.844299401522,
      "rating_vs_sf": 1845.2329359365542,
      "rung": 1800
    },
    "trickster-800": {
      "approx_blitz": 773.8726907870082,
      "approx_blitz_pooled": 773.8726907870082,
      "beyond_ladder": true,
      "blend": 0.0,
      "bot_elo": 700,
      "label": "~750",
      "preset": "human",
      "rating_vs_maia": 774.8205677175517,
      "rating_vs_sf": 795.4109863160921,
      "rung": 800
    },
    "wall-1000": {
      "approx_blitz": 1027.4595400267774,
      "approx_blitz_pooled": 1027.4595400267774,
      "beyond_ladder": true,
      "blend": 0.0,
      "bot_elo": 1100,
      "label": "~1050",
      "preset": "human",
      "rating_vs_maia": 1028.407416957321,
      "rating_vs_sf": 993.3385083002554,
      "rung": 1000
    },
    "wall-1200": {
      "approx_blitz": 1185.9830097585766,
      "approx_blitz_pooled": 1185.9830097585766,
      "beyond_ladder": false,
      "blend": 0.0,
      "bot_elo": 1500,
      "label": "~1200",
      "preset": "human",
      "rating_vs_maia": 1186.9308866891201,
      "rating_vs_sf": 1141.2390559947414,
      "rung": 1200
    },
    "wall-1400": {
      "approx_blitz": 1261.4257547879465,
      "approx_blitz_pooled": 1261.4257547879465,
      "beyond_ladder": false,
      "blend": 0.0,
      "bot_elo": 1900,
      "label": "~1250",
      "preset": "human",
      "rating_vs_maia": 1262.37363171849,
      "rating_vs_sf": 1365.3810147603524,
      "rung": 1400
    },
    "wall-1600": {
      "approx_blitz": 1549.6805318420245,
      "approx_blitz_pooled": 1549.6805318420245,
      "beyond_ladder": false,
      "blend": 0.05,
      "bot_elo": 1900,
      "label": "~1550",
      "preset": "light",
      "rating_vs_maia": 1695.915806750786,
      "rating_vs_sf": 1518.5839665589901,
      "rung": 1600
    },
    "wall-1800": {
      "approx_blitz": 1836.703689115596,
      "approx_blitz_pooled": 1836.703689115596,
      "beyond_ladder": false,
      "blend": 0.5,
      "bot_elo": 2300,
      "label": "~1800",